{"cameraMode":{"drawMode":0,"name":"Shaded","section":"Shading Mode"},"sceneLighting":true,"audioPlay":false,"sceneViewState":{"showFog":true,"showMaterialUpdate":false,"showSkybox":true,"showFlares":true,"showImageEffects":true,"showParticleSystems":true},"in2DMode":false,"pivot":{"x":-1.6972006559371949,"y":-2.280790328979492,"z":1.907883644104004},"rotation":{"x":0.2844843566417694,"y":-0.10042601823806763,"z":0.0299807358533144,"w":0.9529346823692322},"size":9.392358779907227,"orthographic":false}