{"cameraMode":{"drawMode":0,"name":"Shaded","section":"Shading Mode"},"sceneLighting":false,"audioPlay":false,"sceneViewState":{"showFog":true,"showMaterialUpdate":false,"showSkybox":true,"showFlares":true,"showImageEffects":true,"showParticleSystems":true},"in2DMode":false,"pivot":{"x":-0.3693355619907379,"y":0.11865530163049698,"z":-1.2107551097869874},"rotation":{"x":-0.12659026682376862,"y":0.7268025875091553,"z":-0.1391887068748474,"w":-0.6605751514434815},"size":5.116864204406738,"orthographic":true}