{"cameraMode":{"drawMode":0,"name":"Shaded","section":"Shading Mode"},"sceneLighting":false,"audioPlay":false,"sceneViewState":{"showFog":true,"showMaterialUpdate":false,"showSkybox":true,"showFlares":true,"showImageEffects":true,"showParticleSystems":true},"in2DMode":false,"pivot":{"x":-0.09453187137842179,"y":0.8888585567474365,"z":-0.19256632030010224},"rotation":{"x":-0.013696109876036644,"y":0.9567779898643494,"z":-0.28688302636146548,"w":-0.045678477734327319},"size":2.1434130668640138,"orthographic":false}