{"cameraMode":{"drawMode":0,"name":"Shaded","section":"Shading Mode"},"sceneLighting":false,"audioPlay":false,"sceneViewState":{"showFog":true,"showMaterialUpdate":false,"showSkybox":true,"showFlares":true,"showImageEffects":true,"showParticleSystems":true},"in2DMode":false,"pivot":{"x":1.7899999618530274,"y":0.37753069400787356,"z":2.509999990463257},"rotation":{"x":0.1629028618335724,"y":0.5530513525009155,"z":-0.1113019660115242,"w":0.8094496726989746},"size":1.79401433467865,"orthographic":false}