{"cameraMode":{"drawMode":0,"name":"Shaded","section":"Shading Mode"},"sceneLighting":false,"audioPlay":false,"sceneViewState":{"showFog":true,"showMaterialUpdate":false,"showSkybox":true,"showFlares":true,"showImageEffects":true,"showParticleSystems":true},"in2DMode":false,"pivot":{"x":0.0,"y":0.6869999766349793,"z":-0.06800001859664917},"rotation":{"x":0.1629028618335724,"y":0.5530513525009155,"z":-0.1113019660115242,"w":0.8094496726989746},"size":2.1434130668640138,"orthographic":false}