{"cameraMode":{"drawMode":0,"name":"Shaded","section":"Shading Mode"},"sceneLighting":false,"audioPlay":false,"sceneViewState":{"showFog":true,"showMaterialUpdate":false,"showSkybox":true,"showFlares":true,"showImageEffects":true,"showParticleSystems":true},"in2DMode":false,"pivot":{"x":2.3115406036376955,"y":0.37753069400787356,"z":1.925462007522583},"rotation":{"x":0.37700968980789187,"y":-0.14687801897525788,"z":0.06068596616387367,"w":0.9124734401702881},"size":1.7940144538879395,"orthographic":false}